{"is_source_file": false, "format": "", "description": "", "external_files": [], "external_methods": [], "published": [], "classes": [], "methods": [], "calls": [], "search-terms": [], "state": 2, "file_id": 19, "knowledge_revision": 22, "git_revision": "", "hash": "ae280bf7b6a7bb5f0c2a191b39dcbc49", "format-version": 4, "code-base-name": "cross_platform_frontend", "filename": "cross_platform_frontend/build/app/intermediates/compatible_screen_manifest/release/createReleaseCompatibleScreenManifests/output-metadata.json", "revision_history": [{"22": ""}]}