{"is_source_file": false, "format": "", "description": "", "external_files": [], "external_methods": [], "published": [], "classes": [], "methods": [], "calls": [], "search-terms": [], "state": 2, "file_id": 17, "knowledge_revision": 30, "git_revision": "278cb2619c86b6ce13681b8421653eea335c8700", "hash": "66d03d7647c8e438164feaf5b922d44a", "format-version": 4, "code-base-name": "cross_platform_frontend", "filename": "cross_platform_frontend/analysis_options.yaml", "revision_history": [{"30": "278cb2619c86b6ce13681b8421653eea335c8700"}]}