{"is_source_file": false, "format": "", "description": "", "external_files": [], "external_methods": [], "published": [], "classes": [], "methods": [], "calls": [], "search-terms": [], "state": 2, "file_id": 10, "knowledge_revision": 27, "git_revision": "278cb2619c86b6ce13681b8421653eea335c8700", "hash": "f6db55c2715358fb6edaa2e369baf46e", "format-version": 4, "code-base-name": "cross_platform_frontend", "filename": "cross_platform_frontend/android/app/src/main/AndroidManifest.xml", "revision_history": [{"27": "278cb2619c86b6ce13681b8421653eea335c8700"}]}