{"is_source_file": false, "format": null, "description": null, "external_files": [], "external_methods": [], "published": [], "classes": [], "methods": [], "calls": [], "search-terms": [], "state": 2, "file_id": 8, "knowledge_revision": 26, "git_revision": "278cb2619c86b6ce13681b8421653eea335c8700", "hash": "58b48ec178bde5aad76063577172ad24", "format-version": 4, "code-base-name": "cross_platform_frontend", "filename": "cross_platform_frontend/android/app/src/main/res/values/styles.xml", "revision_history": [{"26": "278cb2619c86b6ce13681b8421653eea335c8700"}]}