{"is_source_file": false, "format": "", "description": "", "external_files": [], "external_methods": [], "published": [], "classes": [], "methods": [], "calls": [], "search-terms": [], "state": 2, "file_id": 7, "knowledge_revision": 34, "git_revision": "278cb2619c86b6ce13681b8421653eea335c8700", "hash": "ab00f2bfdce1a5187d1ba31e9e68b921", "format-version": 4, "code-base-name": "cross_platform_frontend", "filename": "cross_platform_frontend/android/app/src/main/res/drawable-v21/launch_background.xml", "revision_history": [{"34": "278cb2619c86b6ce13681b8421653eea335c8700"}]}