{"is_source_file": false, "format": "", "description": "", "external_files": [], "external_methods": [], "published": [], "classes": [], "methods": [], "calls": [], "search-terms": [], "state": 2, "file_id": 6, "knowledge_revision": 36, "git_revision": "278cb2619c86b6ce13681b8421653eea335c8700", "hash": "feddd27a2f77ef486e2b7a420b1de43d", "format-version": 4, "code-base-name": "cross_platform_frontend", "filename": "cross_platform_frontend/android/app/src/main/res/values-night/styles.xml", "revision_history": [{"36": "278cb2619c86b6ce13681b8421653eea335c8700"}]}