{"is_source_file": true, "file_id": 19, "git_revision": "", "state": 3, "description": "", "external_files": [], "external_methods": [], "published": [], "classes": [], "methods": [], "calls": [], "search-terms": [], "hash": "ae280bf7b6a7bb5f0c2a191b39dcbc49", "format-version": 4, "code-base-name": "cross_platform_frontend", "filename": "cross_platform_frontend/build/app/intermediates/compatible_screen_manifest/release/createReleaseCompatibleScreenManifests/output-metadata.json", "knowledge_revision": 20}