{"is_source_file": true, "format": "Kotlin", "description": "This file defines the main activity for an Android application using Flutter, extending FlutterActivity to embed Flutter content.", "external_files": ["io.flutter.embedding.android.FlutterActivity"], "external_methods": [], "published": ["MainActivity"], "classes": [{"name": "MainActivity", "description": "Main entry point activity class for the Flutter-based Android application, inheriting from FlutterActivity."}], "methods": [], "calls": [], "search-terms": ["MainActivity", "FlutterActivity", "com.example.cross_platform_frontend", "Kotlin", "Android"], "state": 2, "file_id": 4, "knowledge_revision": 35, "git_revision": "278cb2619c86b6ce13681b8421653eea335c8700", "hash": "b9c0b24fa7e2ceececbac330b892c920", "format-version": 4, "code-base-name": "cross_platform_frontend", "filename": "cross_platform_frontend/android/app/src/main/kotlin/com/example/cross_platform_frontend/MainActivity.kt", "revision_history": [{"35": "278cb2619c86b6ce13681b8421653eea335c8700"}]}