{"is_source_file": false, "format": "", "description": "", "external_files": [], "external_methods": [], "published": [], "classes": [], "methods": [], "calls": [], "search-terms": [], "state": 2, "file_id": 16, "knowledge_revision": 25, "git_revision": "278cb2619c86b6ce13681b8421653eea335c8700", "hash": "3fad328ec247bfaec228c85a962f4750", "format-version": 4, "code-base-name": "cross_platform_frontend", "filename": "cross_platform_frontend/pubspec.yaml", "revision_history": [{"25": "278cb2619c86b6ce13681b8421653eea335c8700"}]}