{"is_source_file": false, "format": "", "description": "", "external_files": [], "external_methods": [], "published": [], "classes": [], "methods": [], "calls": [], "search-terms": [], "state": 2, "file_id": 12, "knowledge_revision": 31, "git_revision": "278cb2619c86b6ce13681b8421653eea335c8700", "hash": "ac1dad6fec40014c3c6cbbd849a880dc", "format-version": 4, "code-base-name": "cross_platform_frontend", "filename": "cross_platform_frontend/android/app/src/debug/AndroidManifest.xml", "revision_history": [{"31": "278cb2619c86b6ce13681b8421653eea335c8700"}]}