{"is_source_file": false, "format": "", "description": "", "external_files": [], "external_methods": [], "published": [], "classes": [], "methods": [], "calls": [], "search-terms": [], "state": 2, "file_id": 14, "knowledge_revision": 38, "git_revision": "278cb2619c86b6ce13681b8421653eea335c8700", "hash": "699579880a795350891cafc998a3ec79", "format-version": 4, "code-base-name": "cross_platform_frontend", "filename": "cross_platform_frontend/android/build.gradle.kts", "revision_history": [{"38": "278cb2619c86b6ce13681b8421653eea335c8700"}]}