{"is_source_file": false, "format": "", "description": "", "external_files": [], "external_methods": [], "published": [], "classes": [], "methods": [], "calls": [], "search-terms": [], "state": 2, "file_id": 3, "knowledge_revision": 32, "git_revision": "278cb2619c86b6ce13681b8421653eea335c8700", "hash": "0f9478cdc26a769644daff56a0c2071a", "format-version": 4, "code-base-name": "cross_platform_frontend", "filename": "cross_platform_frontend/README.md", "revision_history": [{"32": "278cb2619c86b6ce13681b8421653eea335c8700"}]}