{"is_source_file": false, "format": "", "description": "", "external_files": [], "external_methods": [], "published": [], "classes": [], "methods": [], "calls": [], "search-terms": [], "state": 2, "file_id": 13, "knowledge_revision": 33, "git_revision": "278cb2619c86b6ce13681b8421653eea335c8700", "hash": "cdeedb03e5d542e002d92da1778f81a0", "format-version": 4, "code-base-name": "cross_platform_frontend", "filename": "cross_platform_frontend/android/app/build.gradle.kts", "revision_history": [{"33": "278cb2619c86b6ce13681b8421653eea335c8700"}]}