{"is_source_file": false, "format": "", "description": "", "external_files": [], "external_methods": [], "published": [], "classes": [], "methods": [], "calls": [], "search-terms": [], "state": 2, "file_id": 20, "knowledge_revision": 23, "git_revision": "", "hash": "15c0fc2a0bb86ab05a8aff601f725861", "format-version": 4, "code-base-name": "cross_platform_frontend", "filename": "cross_platform_frontend/build/app/intermediates/incremental/release/packageReleaseResources/merger.xml", "revision_history": [{"23": ""}]}