{"is_source_file": true, "format": "Kotlin (Gradle Kotlin DSL)", "description": "This file is a Gradle settings script written in Kotlin DSL used to configure build settings for an Android project, including plugin management, repository setup, and module inclusion.", "external_files": ["local.properties"], "external_methods": ["java.util.Properties", "file()", "inputStream()", "use { properties.load(it) }", "properties.getProperty()"], "published": [], "classes": [], "methods": [{"name": "run", "description": "Executes a block of code to determine the value of flutterSdkPath using properties loaded from local.properties."}], "calls": ["java.util.Properties()", "file(\"local.properties\")", "inputStream()", "properties.load(it)", "properties.getProperty(\"flutter.sdk\")", "require(flutterSdkPath != null)"], "search-terms": ["settings.gradle.kts", "gradle build configuration", "flutter sdk path initialization", "pluginManagement block", "includeBuild directive", "repositories setup", "plugins declaration", "include modules"], "state": 2, "file_id": 15, "knowledge_revision": 28, "git_revision": "278cb2619c86b6ce13681b8421653eea335c8700", "hash": "683f9ca2f32a701ed1517715bf394e23", "format-version": 4, "code-base-name": "cross_platform_frontend", "filename": "cross_platform_frontend/android/settings.gradle.kts", "revision_history": [{"28": "278cb2619c86b6ce13681b8421653eea335c8700"}]}