{"is_source_file": false, "format": "", "description": "", "external_files": [], "external_methods": [], "published": [], "classes": [], "methods": [], "calls": [], "search-terms": [], "state": 2, "file_id": 9, "knowledge_revision": 29, "git_revision": "278cb2619c86b6ce13681b8421653eea335c8700", "hash": "79c59c987bd2e693cd741ec3035ef383", "format-version": 4, "code-base-name": "cross_platform_frontend", "filename": "cross_platform_frontend/android/app/src/main/res/drawable/launch_background.xml", "revision_history": [{"29": "278cb2619c86b6ce13681b8421653eea335c8700"}]}