{"is_source_file": false, "format": "", "description": "", "external_files": [], "external_methods": [], "published": [], "classes": [], "methods": [], "calls": [], "search-terms": ["connectplus-super-app", "9565", "9576"], "state": 2, "file_id": 1, "knowledge_revision": 24, "git_revision": "328024ec6a2d3166ec0696cfaf397182d118653c", "hash": "f711d359375c108ae8c5faef2462a97b", "format-version": 4, "code-base-name": "cross_platform_frontend", "filename": "README.md", "revision_history": [{"24": "328024ec6a2d3166ec0696cfaf397182d118653c"}]}